{
    "bot_type": "z18_6",
    "bounding_box_x_max": 122.7704010009766,
    "bounding_box_x_min": -124.5765533447266,
    "bounding_box_y_max": 113.2712097167969,
    "bounding_box_y_min": -126.6986846923828,
    "bounding_box_z_max": 139.8959999999985,
    "bounding_box_z_min": 0.2999999999999999,
    "chamber_temperature": 0,
    "duration_s": 12513.0,
    "extruder_temperature": 215,
    "extrusion_distance_a_mm": 9672.226203479117,
    "extrusion_distance_mm": 9672.226203479117,
    "extrusion_mass_a_grams": 29.51104198871429,
    "extrusion_mass_g": 29.51104198871429,
    "grue_version": "4.1.0",
    "machine_config": {
        "acceleration": {
            "buffer_size": 128,
            "impulse_speed_limit_mm_per_s": {
                "x": 70,
                "y": 70,
                "z": 0
            },
            "max_speed_change_mm_per_s": {
                "x": 25,
                "y": 25,
                "z": 0
            },
            "min_speed_change_mm_per_s": {
                "x": 1,
                "y": 1,
                "z": 0
            },
            "rate_mm_per_s_sq": {
                "x": 850,
                "y": 850,
                "z": 150
            },
            "split_move_distance_mm": 2.5,
            "split_move_recursion_count": 36
        },
        "bot_type": "z18_6",
        "build_volume": {
            "x": 300,
            "y": 305,
            "z": 457
        },
        "chamber_temperature_default": 0,
        "extra_slicer_settings": {
            "plate_variability": 0.6
        },
        "extruder_profiles": {
            "attached_extruders": [
                {
                    "calibrated": "true",
                    "id": 8
                }
            ],
            "mk12": {
                "materials": {
                    "pla": {
                        "acceleration": {
                            "impulse_speed_limit_mm_per_s": {
                                "a": 3
                            },
                            "max_speed_change_mm_per_s": {
                                "a": 0.5
                            },
                            "min_speed_change_mm_per_s": {
                                "a": 0.01
                            },
                            "rate_mm_per_s_sq": {
                                "a": 10
                            },
                            "slip_compensation_table": [
                                [
                                    0,
                                    0
                                ],
                                [
                                    1.6255,
                                    1.6255
                                ],
                                [
                                    1.7881,
                                    1.9222
                                ],
                                [
                                    1.9506,
                                    2.1457
                                ],
                                [
                                    2.2,
                                    2.3
                                ],
                                [
                                    2.4383,
                                    2.7
                                ],
                                [
                                    2.9259,
                                    3.4
                                ],
                                [
                                    3.5761,
                                    4.2
                                ],
                                [
                                    3.9,
                                    4.524
                                ],
                                [
                                    4.2263,
                                    5.15
                                ],
                                [
                                    4.8765,
                                    6
                                ],
                                [
                                    100,
                                    100
                                ]
                            ]
                        },
                        "feed_diameter": 1.77,
                        "max_flow_rate": 5.0,
                        "ooze_feedstock_distance": 0.1,
                        "restart_rate": 30,
                        "retract_distance": 1.0,
                        "retract_rate": 50,
                        "temperature": 215
                    }
                },
                "max_speed_mm_per_second": {
                    "a": 5.3
                },
                "nozzle_diameter": 0.4,
                "steps_per_mm": {
                    "a": 108.55
                }
            },
            "mk13": {
                "materials": {
                    "pla": {
                        "acceleration": {
                            "impulse_speed_limit_mm_per_s": {
                                "a": 3
                            },
                            "max_speed_change_mm_per_s": {
                                "a": 0.5
                            },
                            "min_speed_change_mm_per_s": {
                                "a": 0.01
                            },
                            "rate_mm_per_s_sq": {
                                "a": 10
                            },
                            "slip_compensation_table": [
                                [
                                    0,
                                    0
                                ],
                                [
                                    1.6255,
                                    1.6255
                                ],
                                [
                                    1.7881,
                                    1.9222
                                ],
                                [
                                    1.9506,
                                    2.1457
                                ],
                                [
                                    2.2,
                                    2.3
                                ],
                                [
                                    2.4383,
                                    2.7
                                ],
                                [
                                    2.9259,
                                    3.4
                                ],
                                [
                                    3.5761,
                                    4.2
                                ],
                                [
                                    3.9,
                                    4.524
                                ],
                                [
                                    4.2263,
                                    5.15
                                ],
                                [
                                    4.8765,
                                    6
                                ],
                                [
                                    100,
                                    100
                                ]
                            ]
                        },
                        "feed_diameter": 1.77,
                        "max_flow_rate": 5.0,
                        "ooze_feedstock_distance": 0.1,
                        "restart_rate": 30,
                        "retract_distance": 0.5,
                        "retract_rate": 50,
                        "temperature": 215
                    }
                },
                "max_speed_mm_per_second": {
                    "a": 5.3
                },
                "nozzle_diameter": 0.4,
                "steps_per_mm": {
                    "a": 108.55
                }
            },
            "mk13_impla": {
                "materials": {
                    "im-pla": {
                        "acceleration": {
                            "impulse_speed_limit_mm_per_s": {
                                "a": 3.0
                            },
                            "max_speed_change_mm_per_s": {
                                "a": 0.5
                            },
                            "min_speed_change_mm_per_s": {
                                "a": 0.01
                            },
                            "rate_mm_per_s_sq": {
                                "a": 10.0
                            },
                            "slip_compensation_table": [
                                [
                                    0,
                                    0
                                ],
                                [
                                    0.4877,
                                    0.5243
                                ],
                                [
                                    0.9754,
                                    1.0485
                                ],
                                [
                                    1.4631,
                                    1.5637
                                ],
                                [
                                    1.9508,
                                    2.0788
                                ],
                                [
                                    2.4385,
                                    2.6023
                                ],
                                [
                                    2.9261,
                                    2.9993
                                ],
                                [
                                    3.4138,
                                    3.4992
                                ],
                                [
                                    3.9015,
                                    3.9015
                                ],
                                [
                                    4.3892,
                                    4.499
                                ],
                                [
                                    4.8769,
                                    4.755
                                ],
                                [
                                    5.3646,
                                    5.2305
                                ],
                                [
                                    5.8523,
                                    6.1449
                                ],
                                [
                                    6.5838,
                                    7.0776
                                ],
                                [
                                    7.8183,
                                    8.4047
                                ],
                                [
                                    100,
                                    100
                                ]
                            ]
                        },
                        "feed_diameter": 1.77,
                        "max_flow_rate": 5.0,
                        "ooze_feedstock_distance": 0.1,
                        "restart_rate": 30,
                        "retract_distance": 0.5,
                        "retract_rate": 50,
                        "temperature": 215
                    }
                },
                "max_speed_mm_per_second": {
                    "a": 5.3
                },
                "nozzle_diameter": 0.4,
                "steps_per_mm": {
                    "a": 108.55
                }
            },
            "supported_extruders": {
                "0": null,
                "1": "mk12",
                "10": "mk12",
                "11": "mk12",
                "12": "mk12",
                "13": "mk12",
                "14": "mk13_impla",
                "2": "mk12",
                "3": "mk12",
                "4": "mk12",
                "5": "mk12",
                "6": "mk12",
                "7": "mk12",
                "8": "mk13",
                "9": "mk12"
            }
        },
        "gantry_configuration": {
            "max_fill_speed": 110,
            "max_inner_shell_speed": 90,
            "max_outer_shell_speed": 40,
            "travel_speed_xy": 150,
            "travel_speed_z": 3
        },
        "makerbot_generation": 5,
        "max_speed_mm_per_second": {
            "x": 175,
            "y": 175,
            "z": 3.0
        },
        "start_position": {
            "x": 145.5,
            "y": 130,
            "z": 0.2
        },
        "steps_per_mm": {
            "x": 88.573186,
            "y": 88.573186,
            "z": -2666.666666
        },
        "version": "1.1.0"
    },
    "material": "PLA",
    "max_extrusion_flow_a_gps": 0.01204120673745752,
    "max_extrusion_flow_b_gps": 0.0,
    "miracle_config": {
        "_attached_extruders": [
            "mk13"
        ],
        "_bot": "z18_6",
        "_extruders": [
            0
        ],
        "_materials": [
            "pla",
            "pla"
        ],
        "_print_mode": "balanced",
        "adjacentFillLeakyConnections": true,
        "adjacentFillLeakyDistanceRatio": 1.4,
        "anchorExtrusionAmount": 5.0,
        "anchorExtrusionSpeed": 2.0,
        "anchorWidth": 2.0,
        "backlashEpsilon": 0.05,
        "backlashFeedback": 0.9,
        "backlashX": 0.0,
        "backlashY": 0.09,
        "baseInsetDistanceMultiplier": 0.8,
        "baseLayerWidth": 0.6,
        "baseNumberOfShells": 3,
        "bedZOffset": 0.0,
        "bridgeAnchorMinimumLength": 0.8,
        "bridgeAnchorWidth": 0.8,
        "bridgeMaximumLength": 80.0,
        "bridgeSpacingMultiplier": 1.0,
        "chamberTemp": 0,
        "coarseness": 0.0001,
        "commentClose": "",
        "commentOpen": ";",
        "computeVolumeLike2_1_0": false,
        "defaultExtruder": 0,
        "defaultRaftMaterial": 0,
        "defaultSupportMaterial": 0,
        "description": "",
        "doAnchor": true,
        "doBacklashCompensation": false,
        "doBreakawaySupport": true,
        "doBridging": true,
        "doDynamicSpeed": false,
        "doDynamicSpeedGradually": true,
        "doDynamicSpeedInteriorShells": false,
        "doDynamicSpeedOutermostShell": true,
        "doExponentialDeceleration": true,
        "doExternalSpurs": true,
        "doFanCommand": true,
        "doFanModulation": true,
        "doFixedLayerStart": false,
        "doFixedShellStart": true,
        "doInfills": true,
        "doInsets": true,
        "doInternalSpurs": false,
        "doMixedRaft": false,
        "doMixedSupport": false,
        "doOutlines": true,
        "doPrintLayerMessages": false,
        "doPrintProgress": true,
        "doPurgeWall": false,
        "doRaft": true,
        "doRateLimit": false,
        "doSplitLongMoves": false,
        "doSupport": true,
        "doSupportUnderBridges": false,
        "exponentialDecelerationMinSpeed": 0.0,
        "exponentialDecelerationRatio": 0.375,
        "exponentialDecelerationSegmentCount": 10,
        "extruderProfiles": [
            {
                "bridgesExtrusionProfile": "bridges",
                "feedDiameter": 1.77,
                "feedstockMultiplier": 1.0,
                "firstLayerExtrusionProfile": "firstLayer",
                "firstLayerRaftExtrusionProfile": "firstLayerRaft",
                "floorSurfaceFillsExtrusionProfile": "floorSurfaceFills",
                "infillsExtrusionProfile": "infill",
                "insetsExtrusionProfile": "insets",
                "layerHeight": 0.204,
                "maxSparseFillThickness": 0.204,
                "nozzleDiameter": 0.4,
                "oozeFeedstockDistance": 0.1,
                "outlinesExtrusionProfile": "outlines",
                "preOozeFeedstockDistance": 0.1,
                "raftBaseExtrusionProfile": "raftBase",
                "raftExtrusionProfile": "raft",
                "restartExtraDistance": 0.1,
                "restartExtraDistance2": 0,
                "restartExtraRate": 30.0,
                "restartExtraRate2": -1,
                "restartRate": 30,
                "restartRate2": 30,
                "retractDistance": 0.5,
                "retractDistance2": 0,
                "retractRate": 50,
                "retractRate2": 50,
                "roofSurfaceFillsExtrusionProfile": "roofSurfaceFills",
                "sparseRoofSurfaceFillsExtrusionProfile": "sparseRoofSurfaceFills",
                "toolchangeRestartDistance": 18.5,
                "toolchangeRestartRate": 6.0,
                "toolchangeRetractDistance": 19.0,
                "toolchangeRetractRate": 6.0
            }
        ],
        "extruderTemp0": 215,
        "extrusionProfiles": {
            "bridges": {
                "fanSpeed": 0.5,
                "feedrate": 40.0
            },
            "firstLayer": {
                "fanSpeed": 0.5,
                "feedrate": 30
            },
            "firstLayerRaft": {
                "fanSpeed": 0.5,
                "feedrate": 50
            },
            "floorSurfaceFills": {
                "fanSpeed": 0.5,
                "feedrate": 110
            },
            "infill": {
                "fanSpeed": 0.5,
                "feedrate": 110
            },
            "insets": {
                "fanSpeed": 0.5,
                "feedrate": 90
            },
            "outlines": {
                "fanSpeed": 0.5,
                "feedrate": 40
            },
            "raft": {
                "fanSpeed": 0.5,
                "feedrate": 90.0
            },
            "raftBase": {
                "fanSpeed": 0.5,
                "feedrate": 10.0
            },
            "roofSurfaceFills": {
                "fanSpeed": 0.5,
                "feedrate": 110
            },
            "sparseRoofSurfaceFills": {
                "fanSpeed": 0.5,
                "feedrate": 110
            },
            "spurs": {
                "extrusionModel": "exposed",
                "fanSpeed": 0.5,
                "feedrate": 40
            }
        },
        "fanDefaultSpeed": 0.5,
        "fanLayer": 1,
        "fanModulationThreshold": 0.5,
        "fanModulationWindow": 0.1,
        "fixedLayerStartX": 0,
        "fixedLayerStartY": 0,
        "fixedShellStartDirection": 215,
        "floorSolidThickness": 0.402,
        "floorSurfaceThickness": 0.402,
        "floorThickness": 0.804,
        "gridSpacingMultiplier": 0.99,
        "horizontalInset": 0,
        "infillDensity": 0,
        "infillOrientationInterval": 90,
        "infillOrientationOffset": 0,
        "infillOrientationRange": 90,
        "infillShellSpacingMultiplier": 0.55,
        "insetDistanceMultiplier": 1.0,
        "layerHeight": 0.204,
        "leakyConnectionsAdjacentDistance": 0.8,
        "maxConnectionLength": 10.0,
        "maxSparseFillThickness": 0.204,
        "maxSpurWidth": 0.5,
        "minLayerDuration": 5.0,
        "minLayerHeight": 0.01,
        "minRaftBaseGap": 1.0,
        "minSpeedMultiplier": 0.3,
        "minSpurLength": 0.34,
        "minSpurWidth": 0.12,
        "minThickInfillImprovement": 1.0,
        "modelFillProfiles": {
            "bridge": {
                "density": 1.0,
                "fillPathWidthMultiplier": 1.0,
                "fixedDirection": false,
                "fixedOrder": false,
                "orientationInterval": 0,
                "orientationOffset": 0,
                "orientationRange": 0,
                "pattern": "bridge_fill"
            },
            "floor_surface": {
                "density": 1.0,
                "fillPathWidthMultiplier": 0.99,
                "fixedDirection": false,
                "fixedOrder": false,
                "orientationInterval": 90,
                "orientationOffset": 0,
                "orientationRange": 90,
                "pattern": "linear"
            },
            "roof_surface": {
                "density": 1.0,
                "fillPathWidthMultiplier": 0.99,
                "fixedDirection": false,
                "fixedOrder": false,
                "orientationInterval": 90,
                "orientationOffset": 0,
                "orientationRange": 90,
                "pattern": "linear"
            },
            "solid": {
                "density": 1.0,
                "fillPathWidthMultiplier": 0.99,
                "fixedDirection": false,
                "fixedOrder": false,
                "orientationInterval": 90,
                "orientationOffset": 0,
                "orientationRange": 90,
                "pattern": "linear"
            },
            "sparse": {
                "density": 0,
                "diamondFillTurnDistance": 0.4,
                "diamondFillZigZagOverlap": 0.1,
                "fillPathWidthMultiplier": 0.99,
                "fixedDirection": false,
                "fixedOrder": false,
                "orientationInterval": 1,
                "orientationOffset": 0,
                "orientationRange": 2,
                "pattern": "diamond (fast)"
            },
            "sparse_roof_surface": {
                "density": 0,
                "diamondFillTurnDistance": 0.4,
                "diamondFillZigZagOverlap": 0.1,
                "fillPathWidthMultiplier": 0.99,
                "fixedDirection": false,
                "fixedOrder": false,
                "orientationInterval": 1,
                "orientationOffset": 0,
                "orientationRange": 2,
                "pattern": "diamond (fast)"
            }
        },
        "numberOfShells": 1,
        "purgeBucketSide": 4.0,
        "purgeWallBaseFilamentWidth": 2.0,
        "purgeWallBasePatternLength": 10.0,
        "purgeWallBasePatternWidth": 8.0,
        "purgeWallModelOffset": 2.0,
        "purgeWallPatternWidth": 2.0,
        "purgeWallSpacing": 1.0,
        "purgeWallWidth": 0.5,
        "purgeWallXLength": 30,
        "raftAligned": true,
        "raftBaseAngle": 0,
        "raftBaseDensity": 0.7,
        "raftBaseInfillShellSpacingMultiplier": 0.15,
        "raftBaseInsetDistanceMultiplier": 0.4,
        "raftBaseLayers": 1,
        "raftBaseRunGapRatio": 0.8,
        "raftBaseRunLength": 15.0,
        "raftBaseShells": 3,
        "raftBaseThickness": 0.3,
        "raftBaseWidth": 2.0,
        "raftExtraOffset": 0.0,
        "raftFillProfiles": {
            "base": {
                "density": 0.2,
                "fillPathWidthMultiplier": 1.0,
                "fixedDirection": false,
                "fixedOrder": false,
                "linearFillGroupDensity": 2.2,
                "linearFillGroupSize": 3,
                "orientationInterval": 90,
                "orientationOffset": 0,
                "orientationRange": 180,
                "pattern": "linear"
            },
            "interface": {
                "density": 0.8,
                "fillPathWidthMultiplier": 1.0,
                "fixedDirection": false,
                "fixedOrder": false,
                "orientationInterval": 0,
                "orientationOffset": 45,
                "orientationRange": 0,
                "pattern": "linear"
            },
            "surface": {
                "density": 1.0,
                "fillPathWidthMultiplier": 1.0,
                "fixedDirection": false,
                "fixedOrder": false,
                "orientationInterval": 90,
                "orientationOffset": 0,
                "orientationRange": 90,
                "pattern": "local_no_warp"
            }
        },
        "raftInterfaceAngle": 45,
        "raftInterfaceDensity": 0.3,
        "raftInterfaceLayers": 2,
        "raftInterfaceThickness": 0.27,
        "raftInterfaceWidth": 0.4,
        "raftModelShellsSpacing": 0.48,
        "raftModelSpacing": 0.5,
        "raftOutset": 4,
        "raftSupportSpacing": 0.1,
        "raftSurfaceAngle": 0,
        "raftSurfaceLayers": 2,
        "raftSurfaceShellSpacingMultiplier": 0.7,
        "raftSurfaceShells": 2,
        "raftSurfaceThickness": 0.27,
        "rateLimitBufferSize": 100,
        "rateLimitMinSpeed": 10,
        "rateLimitSpeedRatio": 0.3,
        "rateLimitSplitBias": 0,
        "rateLimitSplitMoveDistance": 2.5,
        "rateLimitSplitRecursionDepth": 36,
        "rateLimitTransmissionRate": 150,
        "roofAnchorMargin": 0.4,
        "roofSolidThickness": 0.402,
        "roofSurfaceThickness": 0.402,
        "roofThickness": 0.804,
        "shellsLeakyConnections": true,
        "solidFillOrientationInterval": 90,
        "solidFillOrientationOffset": 0,
        "solidFillOrientationRange": 90,
        "sparseInfillPattern": "diamond (fast)",
        "splitMinimumDistance": 0.4,
        "spurOverlap": 0.001,
        "startPosition": {
            "x": 145.5,
            "y": 130,
            "z": 0.2
        },
        "supportAligned": true,
        "supportAngle": 68.0,
        "supportBreakawayModelOffset": -0.15,
        "supportBreakawayModelRoofSpacing": 0.192000000048,
        "supportCutout": 0.1,
        "supportCutoutExtraDistance": 0.6,
        "supportDensity": 0.2,
        "supportExcessive": false,
        "supportExtraDistance": 0.5,
        "supportFillProfiles": {
            "solid": {
                "density": 0.32,
                "orientationInterval": 0,
                "orientationOffset": 45,
                "orientationRange": 0,
                "pattern": "hilbert_fill"
            },
            "sparse": {
                "consistentOrder": true,
                "density": 0.16,
                "fixedDirection": true,
                "orientationInterval": 0,
                "orientationOffset": 45,
                "orientationRange": 0,
                "pattern": "linear"
            }
        },
        "supportLayerHeight": 0.204,
        "supportLeakyConnections": true,
        "supportModelSpacing": 0.4,
        "supportRoofModelSpacing": 0.4,
        "supportRoofSolidThickness": 3.0,
        "thickLayerThreshold": 0,
        "thickLayerVolumeMultiplier": 1,
        "travelSpeedXY": 150,
        "travelSpeedZ": 3,
        "version": "4.1.0"
    },
    "model_counts": [
        {
            "count": 4,
            "name": "gaggle1"
        }
    ],
    "num_z_layers": 686,
    "num_z_transitions": 685,
    "printer_settings": {
        "extruder_temperatures": [
            215,
            0
        ],
        "infill": 0,
        "layer_height": 0.204,
        "materials": [
            "PLA",
            "PLA"
        ],
        "raft": true,
        "shells": 1,
        "support": true
    },
    "thing_id": null,
    "tool_type": "mk13",
    "toolhead_0_temperature": 215,
    "total_commands": 148993,
    "user_preferences": {
        "attached_extruders": [
            "mk13"
        ],
        "overrides": {
            "doSupport": true,
            "infillDensity": 0,
            "numberOfShells": 1,
            "rotationLock": false
        },
        "print_mode": "balanced"
    },
    "uuid": "e0da7828-7a25-4a0d-bb67-f7639c4dba39",
    "version": "1.1.0"
}